datetime,value
2012.05.11 21:00:00,19
2012.08.24 21:00:00,11
2012.10.26 21:00:00,21
2013.01.25 21:00:00,29
2013.04.12 21:00:00,46
2013.05.03 21:00:00,13
2013.07.19 21:00:00,41
2013.08.16 21:00:00,15
2013.09.27 21:00:00,21
2013.10.18 21:00:00,13
2013.12.06 21:00:00,21
2014.01.10 21:00:00,17
2014.04.04 21:00:00,57
2014.05.16 21:00:00,28
2014.06.20 21:00:00,19
2014.09.12 21:00:00,61
2014.10.03 21:00:00,17
2014.12.05 21:00:00,59
2014.12.26 21:00:00,18
2015.02.20 21:00:00,50
2015.05.15 21:00:00,90
2015.06.05 21:00:00,23
2015.07.24 21:00:00,46
2015.09.04 21:00:00,39
2015.10.09 21:00:00,31
2015.11.13 21:00:00,33
2016.01.01 21:00:00,50
2016.01.22 21:00:00,19
2016.03.25 21:00:00,77
2016.04.22 21:00:00,29
2016.05.06 21:00:00,14
2016.05.13 21:00:00,10
2016.07.29 21:00:00,85
2016.10.14 21:00:00,90
2016.10.21 21:00:00,10
2017.01.06 21:00:00,90
2017.02.10 21:00:00,22
2017.04.14 21:00:00,87
2017.05.26 21:00:00,50
2017.07.07 21:00:00,46
2017.08.18 21:00:00,47
2017.09.15 21:00:00,15
2017.10.20 21:00:00,42
2017.11.10 21:00:00,23
2017.11.17 21:00:00,10
2017.11.24 21:00:00,10
2018.02.09 21:00:00,50
2018.03.09 21:00:00,43
2018.03.23 21:00:00,17
2018.07.06 21:00:00,45
2018.07.20 21:00:00,23
2018.08.31 21:00:00,31
2018.11.16 21:00:00,18
2018.12.07 21:00:00,33
2018.12.14 21:00:00,10
2018.12.28 21:00:00,10
2019.02.08 21:00:00,63
2019.03.15 21:00:00,53
2019.05.10 21:00:00,45
2019.06.14 21:00:00,55
2019.06.28 21:00:00,19
2019.08.23 21:00:00,90
2019.09.20 21:00:00,45
2019.11.22 21:00:00,30
2019.12.06 21:00:00,23
2019.12.13 21:00:00,10
2020.02.07 21:00:00,90
2020.05.01 21:00:00,90
2020.05.08 21:00:00,13
2020.05.29 21:00:00,33
2020.06.26 21:00:00,45
2020.08.07 21:00:00,38
2020.08.28 21:00:00,35
2020.09.11 21:00:00,22
2020.10.16 21:00:00,59
2020.11.20 21:00:00,60
2020.11.27 21:00:00,11
2021.01.15 21:00:00,90
2021.01.22 21:00:00,14
2021.01.29 21:00:00,11
2021.02.05 21:00:00,11
2021.03.12 21:00:00,64
2021.04.09 21:00:00,49
2021.05.28 21:00:00,90
2021.06.25 21:00:00,48
2021.08.13 21:00:00,45
2021.09.10 21:00:00,49
2021.09.24 21:00:00,22
2021.10.15 21:00:00,33
2021.10.22 21:00:00,10
2021.10.29 21:00:00,10
2021.11.05 21:00:00,5
2021.12.17 21:00:00,74
2021.12.24 21:00:00,13
2022.01.21 21:00:00,24
2022.01.28 21:00:00,11
2022.03.18 21:00:00,45
2022.04.01 21:00:00,25
2022.05.20 21:00:00,110
2022.05.27 21:00:00,17
2022.07.22 21:00:00,120
2022.08.12 21:00:00,46
2022.08.19 21:00:00,17
2022.08.30 21:00:00,20
2022.09.09 21:00:00,20
2022.11.08 21:00:00,120
2022.12.09 21:00:00,76
2022.12.20 21:00:00,21
2023.01.31 21:00:00,107
2023.02.17 21:00:00,40
2023.02.21 21:00:00,10
2023.03.28 21:00:00,74
2023.03.31 21:00:00,10
2023.04.25 21:00:00,47
2023.05.02 21:00:00,14
2023.06.23 21:00:00,120
2023.08.04 21:00:00,117
2023.08.08 21:00:00,10
2023.08.15 21:00:00,14
2023.08.18 21:00:00,10
2023.09.19 21:00:00,66
2023.10.13 21:00:00,54
2023.10.31 21:00:00,35
2023.11.17 21:00:00,36
2024.01.16 21:00:00,120
2024.02.09 21:00:00,63
2024.02.23 21:00:00,15
2024.03.08 21:00:00,30
2024.04.23 21:00:00,60
2024.06.04 21:00:00,120
2024.07.09 21:00:00,98
2024.07.26 21:00:00,21
2024.08.30 21:00:00,92
2024.09.03 21:00:00,10
2024.10.04 21:00:00,81
2024.12.06 21:00:00,60
2024.12.13 21:00:00,21
2025.01.10 21:00:00,80
2025.02.11 21:00:00,88
2025.02.14 21:00:00,10
2025.03.25 21:00:00,116
2025.05.09 21:00:00,120
2025.05.23 21:00:00,37
2025.05.30 21:00:00,18
2025.06.17 21:00:00,41
2025.07.25 21:00:00,58
2025.08.08 21:00:00,36
2025.09.23 21:00:00,120
2025.10.17 21:00:00,69
2025.11.07 21:00:00,54
2025.11.21 21:00:00,7
2025.12.02 21:00:00,23
2025.12.05 21:00:00,10
2026.01.02 21:00:00,74
2026.01.23 21:00:00,54
2026.01.30 21:00:00,18
2026.02.27 21:00:00,75
2026.03.03 21:00:00,10
2026.03.31 21:00:00,71
2026.04.03 21:00:00,10
2026.04.07 21:00:00,5
2026.05.26 21:00:00,120
2026.06.26 21:00:00,87
2026.07.24 21:00:00,71
2026.08.07 21:00:00,32
2026.08.25 21:00:00,40

