datetime,open,high,low,close
2012.05.11 21:00:00,0,19.0,0,19.0
2012.08.24 21:00:00,0,11.0,0,11.0
2012.10.26 21:00:00,0,21.0,0,21.0
2013.01.25 21:00:00,0,29.0,0,29.0
2013.04.12 21:00:00,0,46.0,0,46.0
2013.05.03 21:00:00,0,13.0,0,13.0
2013.07.19 21:00:00,0,41.0,0,41.0
2013.08.16 21:00:00,0,15.0,0,15.0
2013.09.27 21:00:00,0,21.0,0,21.0
2013.10.18 21:00:00,0,13.0,0,13.0
2013.12.06 21:00:00,0,21.0,0,21.0
2014.01.10 21:00:00,0,17.0,0,17.0
2014.04.04 21:00:00,0,57.0,0,57.0
2014.05.16 21:00:00,0,28.0,0,28.0
2014.06.20 21:00:00,0,19.0,0,19.0
2014.09.12 21:00:00,0,61.0,0,61.0
2014.10.03 21:00:00,0,17.0,0,17.0
2014.12.05 21:00:00,0,59.0,0,59.0
2014.12.26 21:00:00,0,18.0,0,18.0
2015.02.20 21:00:00,0,50.0,0,50.0
2015.05.15 21:00:00,0,90.0,0,90.0
2015.06.05 21:00:00,0,23.0,0,23.0
2015.07.24 21:00:00,0,46.0,0,46.0
2015.09.04 21:00:00,0,39.0,0,39.0
2015.10.09 21:00:00,0,31.0,0,31.0
2015.11.13 21:00:00,0,33.0,0,33.0
2016.01.01 21:00:00,0,50.0,0,50.0
2016.01.22 21:00:00,0,19.0,0,19.0
2016.03.25 21:00:00,0,77.0,0,77.0
2016.04.22 21:00:00,0,29.0,0,29.0
2016.05.06 21:00:00,0,14.0,0,14.0
2016.05.13 21:00:00,0,10.0,0,10.0
2016.07.29 21:00:00,0,85.0,0,85.0
2016.10.14 21:00:00,0,90.0,0,90.0
2016.10.21 21:00:00,0,10.0,0,10.0
2017.01.06 21:00:00,0,90.0,0,90.0
2017.02.10 21:00:00,0,22.0,0,22.0
2017.04.14 21:00:00,0,87.0,0,87.0
2017.05.26 21:00:00,0,50.0,0,50.0
2017.07.07 21:00:00,0,46.0,0,46.0
2017.08.18 21:00:00,0,47.0,0,47.0
2017.09.15 21:00:00,0,15.0,0,15.0
2017.10.20 21:00:00,0,42.0,0,42.0
2017.11.10 21:00:00,0,23.0,0,23.0
2017.11.17 21:00:00,0,10.0,0,10.0
2017.11.24 21:00:00,0,10.0,0,10.0
2018.02.09 21:00:00,0,50.0,0,50.0
2018.03.09 21:00:00,0,43.0,0,43.0
2018.03.23 21:00:00,0,17.0,0,17.0
2018.07.06 21:00:00,0,45.0,0,45.0
2018.07.20 21:00:00,0,23.0,0,23.0
2018.08.31 21:00:00,0,31.0,0,31.0
2018.11.16 21:00:00,0,18.0,0,18.0
2018.12.07 21:00:00,0,33.0,0,33.0
2018.12.14 21:00:00,0,10.0,0,10.0
2018.12.28 21:00:00,0,10.0,0,10.0
2019.02.08 21:00:00,0,63.0,0,63.0
2019.03.15 21:00:00,0,53.0,0,53.0
2019.05.10 21:00:00,0,45.0,0,45.0
2019.06.14 21:00:00,0,55.0,0,55.0
2019.06.28 21:00:00,0,19.0,0,19.0
2019.08.23 21:00:00,0,90.0,0,90.0
2019.09.20 21:00:00,0,45.0,0,45.0
2019.11.22 21:00:00,0,30.0,0,30.0
2019.12.06 21:00:00,0,23.0,0,23.0
2019.12.13 21:00:00,0,10.0,0,10.0
2020.02.07 21:00:00,0,90.0,0,90.0
2020.05.01 21:00:00,0,90.0,0,90.0
2020.05.08 21:00:00,0,13.0,0,13.0
2020.05.29 21:00:00,0,33.0,0,33.0
2020.06.26 21:00:00,0,45.0,0,45.0
2020.08.07 21:00:00,0,38.0,0,38.0
2020.08.28 21:00:00,0,35.0,0,35.0
2020.09.11 21:00:00,0,22.0,0,22.0
2020.10.16 21:00:00,0,59.0,0,59.0
2020.11.20 21:00:00,0,60.0,0,60.0
2020.11.27 21:00:00,0,11.0,0,11.0
2021.01.15 21:00:00,0,90.0,0,90.0
2021.01.22 21:00:00,0,14.0,0,14.0
2021.01.29 21:00:00,0,11.0,0,11.0
2021.02.05 21:00:00,0,11.0,0,11.0
2021.03.12 21:00:00,0,64.0,0,64.0
2021.04.09 21:00:00,0,49.0,0,49.0
2021.05.28 21:00:00,0,90.0,0,90.0
2021.06.25 21:00:00,0,48.0,0,48.0
2021.08.13 21:00:00,0,45.0,0,45.0
2021.09.10 21:00:00,0,49.0,0,49.0
2021.09.24 21:00:00,0,22.0,0,22.0
2021.10.15 21:00:00,0,33.0,0,33.0
2021.10.22 21:00:00,0,10.0,0,10.0
2021.10.29 21:00:00,0,10.0,0,10.0
2021.11.05 21:00:00,0,5.0,0,5.0
2021.12.17 21:00:00,0,74.0,0,74.0
2021.12.24 21:00:00,0,13.0,0,13.0
2022.01.21 21:00:00,0,24.0,0,24.0
2022.01.28 21:00:00,0,11.0,0,11.0
2022.03.18 21:00:00,0,45.0,0,45.0
2022.04.01 21:00:00,0,25.0,0,25.0
2022.05.20 21:00:00,0,110.0,0,110.0
2022.05.27 21:00:00,0,17.0,0,17.0
2022.07.22 21:00:00,0,120.0,0,120.0
2022.08.12 21:00:00,0,46.0,0,46.0
2022.08.19 21:00:00,0,17.0,0,17.0
2022.08.30 21:00:00,0,20.0,0,20.0
2022.09.09 21:00:00,0,20.0,0,20.0
2022.11.08 21:00:00,0,120.0,0,120.0
2022.12.09 21:00:00,0,76.0,0,76.0
2022.12.20 21:00:00,0,21.0,0,21.0
2023.01.31 21:00:00,0,107.0,0,107.0
2023.02.17 21:00:00,0,40.0,0,40.0
2023.02.21 21:00:00,0,10.0,0,10.0
2023.03.28 21:00:00,0,74.0,0,74.0
2023.03.31 21:00:00,0,10.0,0,10.0
2023.04.25 21:00:00,0,47.0,0,47.0
2023.05.02 21:00:00,0,14.0,0,14.0
2023.06.23 21:00:00,0,120.0,0,120.0
2023.08.04 21:00:00,0,117.0,0,117.0
2023.08.08 21:00:00,0,10.0,0,10.0
2023.08.15 21:00:00,0,14.0,0,14.0
2023.08.18 21:00:00,0,10.0,0,10.0
2023.09.19 21:00:00,0,66.0,0,66.0
2023.10.13 21:00:00,0,54.0,0,54.0
2023.10.31 21:00:00,0,35.0,0,35.0
2023.11.17 21:00:00,0,36.0,0,36.0
2024.01.16 21:00:00,0,120.0,0,120.0
2024.02.09 21:00:00,0,63.0,0,63.0
2024.02.23 21:00:00,0,15.0,0,15.0
2024.03.08 21:00:00,0,30.0,0,30.0
2024.04.23 21:00:00,0,60.0,0,60.0
2024.06.04 21:00:00,0,120.0,0,120.0
2024.07.09 21:00:00,0,98.0,0,98.0
2024.07.26 21:00:00,0,21.0,0,21.0
2024.08.30 21:00:00,0,92.0,0,92.0
2024.09.03 21:00:00,0,10.0,0,10.0
2024.10.04 21:00:00,0,81.0,0,81.0
2024.12.06 21:00:00,0,60.0,0,60.0
2024.12.13 21:00:00,0,21.0,0,21.0
2025.01.10 21:00:00,0,80.0,0,80.0
2025.02.11 21:00:00,0,88.0,0,88.0
2025.02.14 21:00:00,0,10.0,0,10.0
2025.03.25 21:00:00,0,116.0,0,116.0
2025.05.09 21:00:00,0,120.0,0,120.0
2025.05.23 21:00:00,0,37.0,0,37.0
2025.05.30 21:00:00,0,18.0,0,18.0
2025.06.17 21:00:00,0,41.0,0,41.0
2025.07.25 21:00:00,0,58.0,0,58.0
2025.08.08 21:00:00,0,36.0,0,36.0
2025.09.23 21:00:00,0,120.0,0,120.0
2025.10.17 21:00:00,0,69.0,0,69.0
2025.11.07 21:00:00,0,54.0,0,54.0
2025.11.21 21:00:00,0,7.0,0,7.0
2025.12.02 21:00:00,0,23.0,0,23.0
2025.12.05 21:00:00,0,10.0,0,10.0
2026.01.02 21:00:00,0,74.0,0,74.0
2026.01.23 21:00:00,0,54.0,0,54.0
2026.01.30 21:00:00,0,18.0,0,18.0
2026.02.27 21:00:00,0,75.0,0,75.0
2026.03.03 21:00:00,0,10.0,0,10.0
2026.03.31 21:00:00,0,71.0,0,71.0
2026.04.03 21:00:00,0,10.0,0,10.0
2026.04.07 21:00:00,0,5.0,0,5.0
2026.05.26 21:00:00,0,120.0,0,120.0
2026.06.26 21:00:00,0,87.0,0,87.0
2026.07.24 21:00:00,0,71.0,0,71.0
2026.08.07 21:00:00,0,32.0,0,32.0
2026.08.25 21:00:00,0,40.0,0,40.0
