datetime,who,pos,varga pos,hit lords
2012-01-23 04:00:00,mo,274.3818004654262,309.4362041888355,['ju']
2012-01-23 06:00:00,mo,275.476795165808,319.29115649227214,['ju']
2012-01-23 17:00:00,mo,279.96587382690194,359.69286444211735,['ju']
2012-01-24 04:00:00,mo,287.7073893656404,69.36650429076332,['ju']
2012-01-24 06:00:00,mo,288.8695166924562,79.82565023210583,['ju']
2012-01-24 17:00:00,mo,293.264260444219,119.37834399797106,['ju']
2012-01-24 19:00:00,mo,294.37092670710643,129.3383403639578,['ju']
2012-01-25 15:00:00,mo,305.4973292574477,229.47596331702908,['ju']
2012-01-25 23:00:00,mo,309.8468375040221,268.62153753619896,['ju']
2012-01-26 10:00:00,mo,316.64822895869935,329.834060628294,['ju']
2012-01-26 13:00:00,mo,317.6995451170181,339.2959060531627,['ju']
2012-01-26 19:00:00,mo,319.9658214037431,359.692392633688,['ju']
2012-01-26 21:00:00,mo,321.047145113643,9.424306022786979,['ju']
2012-01-27 02:00:00,mo,324.4016869248753,39.61518232387776,['ju']
2012-01-27 07:00:00,mo,327.70484823003403,69.34363407030615,['ju']
2012-01-27 09:00:00,mo,328.74717423344345,78.72456810099088,['ju']
2012-01-27 12:00:00,mo,329.9591960569807,89.63276451282631,['ju']
2012-01-30 16:00:00,mo,7.703294922154928,69.32965429939435,['ju']
2012-01-31 04:00:00,mo,13.245929698437282,119.21336728593553,['ju']
2012-01-31 09:00:00,mo,16.592327372724203,149.33094635451783,['ju']
2012-01-31 11:00:00,mo,17.716066743300903,159.44460068970812,['ju']
2012-01-31 17:00:00,mo,19.984289366215584,179.85860429594027,['ju']
2012-02-01 03:00:00,mo,24.293999049401187,218.64599144461067,['ju']
2012-02-01 08:00:00,mo,27.722799158771437,249.50519242894293,['ju']
2012-02-01 14:00:00,mo,31.01585986723111,279.14273880508,['ju']
2012-02-01 21:00:00,mo,33.24404306605825,299.19638759452425,['ju']
2012-02-02 02:00:00,mo,35.530293549448295,319.77264194503465,['ju']
2012-02-02 07:00:00,mo,38.883486434541986,349.95137791087785,['ju']
2012-02-02 12:00:00,mo,42.13522080538355,19.216987248451908,['ju']
2012-02-02 21:00:00,mo,45.455458941769855,49.099130475928675,['ju']
2012-02-03 00:00:00,mo,46.5974719081833,59.37724717364969,['ju']
2012-02-03 04:00:00,mo,48.83033060439184,79.47297543952654,['ju']
2012-02-03 12:00:00,mo,54.352298687999685,129.17068819199716,['ju']
2012-02-03 14:00:00,mo,55.443866668158236,138.9948000134241,['ju']
2012-02-03 20:00:00,mo,57.63506655236848,158.71559897131627,['ju']
2012-02-06 01:00:00,mo,85.41405360344174,48.726482430975665,['ju']
2012-02-07 03:00:00,mo,99.9133661692054,179.2202955228486,['ju']
2012-02-07 05:00:00,mo,101.04179204137226,189.3761283723503,['ju']
2012-02-07 11:00:00,mo,105.45334505818039,229.08010552362344,['ju']
2012-02-07 14:00:00,mo,107.72351568824253,249.51164119418272,['ju']
2012-02-07 20:00:00,mo,111.08560424385145,279.770438194663,['ju']
2012-02-07 23:00:00,mo,112.21980767064835,289.9782690358351,['ju']
2012-02-08 04:00:00,mo,114.33649668262825,309.0284701436542,['ju']
2012-02-08 06:00:00,mo,115.50454238741129,319.54088148670155,['ju']
2012-02-08 09:00:00,mo,117.62820465341899,338.65384188077087,['ju']
2012-02-08 12:00:00,mo,119.99751394715636,359.97762552440724,['ju']
2012-02-09 02:00:00,mo,127.64876414765631,68.83887732890673,['ju']
2012-02-09 11:00:00,mo,133.1902413621965,118.71217225976847,['ju']
2012-02-09 23:00:00,mo,140.97363631487505,188.7627268338754,['ju']
2012-02-10 02:00:00,mo,142.14021058808007,199.26189529272054,['ju']
2012-02-10 10:00:00,mo,146.5830631966501,239.24756876985086,['ju']
2012-02-13 01:00:00,mo,185.43622691933425,228.92604227400813,['ju']
2012-02-13 04:00:00,mo,186.60705140522663,239.46346264703956,['ju']
2012-02-13 09:00:00,mo,188.7824957641688,259.04246187751914,['ju']
2012-02-13 11:00:00,mo,189.9707119878717,269.7364078908453,['ju']
2012-02-13 14:00:00,mo,192.12038894043303,289.0835004638972,['ju']
2012-02-13 23:00:00,mo,198.74830311623182,348.73472804608633,['ju']
2012-02-14 04:00:00,mo,200.97346368249876,8.761173142488763,['ju']
2012-02-14 07:00:00,mo,202.09126038421545,18.82134345793893,['ju']
2012-02-14 19:00:00,mo,209.99086567698345,89.91779109285093,['ju']
2012-02-14 22:00:00,mo,212.17111776333005,109.54005986997032,['ju']
2012-02-15 02:00:00,mo,214.36705200448117,129.30346804033042,['ju']
2012-02-15 05:00:00,mo,215.53465863491078,139.81192771419697,['ju']
2012-02-15 08:00:00,mo,216.62748891908274,149.64740027174454,['ju']
2012-02-15 14:00:00,mo,219.8742613068623,178.8683517617607,['ju']
2012-02-15 17:00:00,mo,222.136745073468,199.23070566121197,['ju']
2012-02-15 23:00:00,mo,226.65561757248435,239.90055815235903,['ju']
2012-02-16 03:00:00,mo,228.78560623825757,259.07045614431803,['ju']
2012-02-16 06:00:00,mo,229.91340937725442,269.2206843952897,['ju']
2012-02-16 09:00:00,mo,230.9893730245729,278.904357221156,['ju']
2012-02-16 18:00:00,mo,236.51441329877403,328.6297196889662,['ju']
2012-02-16 21:00:00,mo,238.86667251788907,349.80005266100153,['ju']
2012-02-17 00:00:00,mo,240.96509707316727,8.685873658505347,['ju']
2012-02-17 02:00:00,mo,242.10535974695875,18.948237722628694,['ju']
2012-02-17 13:00:00,mo,246.5882063161112,59.2938568450008,['ju']
2012-02-17 18:00:00,mo,249.95683338412658,89.61150045713914,['ju']
2012-02-20 06:00:00,mo,284.30691526292804,38.76223736635228,['ju']
2012-02-20 09:00:00,mo,285.40208004262854,48.61872038365675,['ju']
2012-02-20 15:00:00,mo,287.7260887495647,69.5347987460824,['ju']
2012-02-20 17:00:00,mo,288.8434387318258,79.5909485864322,['ju']
2012-02-21 13:00:00,mo,299.9279652195525,179.35168697597243,['ju']
2012-02-21 21:00:00,mo,304.34822006587825,219.13398059290415,['ju']
2012-02-22 00:00:00,mo,306.53237254235285,238.7913528811755,['ju']
2012-02-22 11:00:00,mo,312.1888891998425,289.7000027985823,['ju']
2012-02-22 14:00:00,mo,313.20437375299474,298.83936377695255,['ju']
2012-02-23 03:00:00,mo,321.10369580695914,9.933262262632113,['ju']
2012-02-23 13:00:00,mo,325.5544901303012,49.99041117271058,['ju']
2012-02-23 16:00:00,mo,326.626161692406,59.63545523165401,['ju']
2012-02-23 22:00:00,mo,329.9051382415899,89.14624417430893,['ju']
2012-02-24 09:00:00,mo,336.6661015621294,149.9949140591647,['ju']
2012-02-24 12:00:00,mo,337.72979005562473,159.56811050062245,['ju']
2012-02-24 18:00:00,mo,339.842081558967,178.5787340307027,['ju']
2012-02-27 01:00:00,mo,7.665406850114722,68.98866165103249,['ju']
2012-02-27 06:00:00,mo,11.049948455894851,99.44953610305366,['ju']
2012-02-27 10:00:00,mo,13.263933002684519,119.37539702416066,['ju']
2012-02-27 13:00:00,mo,14.42191926838277,129.79727341544492,['ju']
2012-02-28 05:00:00,mo,22.079802245561332,198.71822021005198,['ju']
2012-02-28 23:00:00,mo,29.905557373371916,269.15001636034725,['ju']
2012-02-29 01:00:00,mo,31.06607487919736,279.5946739127762,['ju']
2012-02-29 18:00:00,mo,39.87861321634614,358.90751894711525,['ju']
2012-03-01 08:00:00,mo,47.66300754172725,68.9670678755452,['ju']
2012-03-01 12:00:00,mo,49.96371921110352,89.6734728999317,['ju']
2012-03-01 18:00:00,mo,52.06447796275596,108.58030166480361,['ju']
2012-03-02 00:00:00,mo,54.3658663148741,129.29279683386684,['ju']
2012-03-02 02:00:00,mo,55.524445632586016,139.7200106932741,['ju']
2012-03-02 10:00:00,mo,61.05530241969278,189.497721777235,['ju']
2012-03-02 12:00:00,mo,62.20600055915979,199.8540050324381,['ju']
2012-03-02 21:00:00,mo,65.45736645355389,229.11629808198498,['ju']
2012-03-05 14:00:00,mo,102.1736662443047,199.56299619874224,['ju']
2012-03-05 16:00:00,mo,103.2491465604279,209.2423190438511,['ju']
2012-03-06 06:00:00,mo,109.90769960531401,269.169296447826,['ju']
2012-03-06 15:00:00,mo,116.6066429065095,329.45978615858553,['ju']
2012-03-06 17:00:00,mo,117.70873730398456,339.378635735861,['ju']
2012-03-07 01:00:00,mo,120.98545504099752,8.869095368977648,['ju']
2012-03-07 05:00:00,mo,123.22286199635253,29.005757967172762,['ju']
2012-03-07 08:00:00,mo,125.42041550907327,48.78373958165934,['ju']
2012-03-07 17:00:00,mo,132.07016874541887,108.63151870876976,['ju']
2012-03-07 22:00:00,mo,134.35912736838807,129.2321463154926,['ju']
2012-03-08 03:00:00,mo,136.51232922136236,148.61096299226122,['ju']
2012-03-08 05:00:00,mo,137.6580742480646,158.9226682325813,['ju']
2012-03-08 11:00:00,mo,142.17021817310996,199.53196355798957,['ju']
2012-03-08 21:00:00,mo,148.81175526726705,259.3057974054034,['ju']
2012-03-09 08:00:00,mo,154.3635811509702,309.27223035873163,['ju']
2012-03-09 15:00:00,mo,159.9741762455779,359.767586210201,['ju']
2012-03-09 18:00:00,mo,162.1105198326447,18.994678493802347,['ju']
2012-03-09 20:00:00,mo,163.28109713770326,29.52987423932924,['ju']
2012-03-12 01:00:00,mo,195.43243072600822,318.8918765340739,['ju']
2012-03-12 04:00:00,mo,196.59334599409843,329.34011394688577,['ju']
2012-03-12 16:00:00,mo,204.36277021533473,39.26493193801252,['ju']
2012-03-13 15:00:00,mo,217.64698965938803,158.82290693449215,['ju']
2012-03-14 01:00:00,mo,224.4025592004966,219.6230328044693,['ju']
2012-03-14 04:00:00,mo,225.55456412534852,229.9910771281366,['ju']
2012-03-14 07:00:00,mo,226.657689037691,239.91920133921892,['ju']
2012-03-14 13:00:00,mo,229.98106327628022,269.8295694865219,['ju']
2012-03-15 02:00:00,mo,238.8335941220826,349.5023470987432,['ju']
2012-03-15 05:00:00,mo,239.93516213726417,359.41645923537743,['ju']
2012-03-15 08:00:00,mo,241.01359908362807,9.122391752652494,['ju']
2012-03-15 14:00:00,mo,244.3253967013159,38.92857031184296,['ju']
2012-03-15 17:00:00,mo,246.59257607448782,59.33318467039031,['ju']
2012-03-15 23:00:00,mo,250.96502942879005,98.68526485911032,['ju']
2012-03-16 01:00:00,mo,252.06531076485967,108.58779688373697,['ju']
2012-03-16 04:00:00,mo,253.32608431574096,119.93475884166851,['ju']
2012-03-16 07:00:00,mo,254.34430423858421,129.09873814725782,['ju']
2012-03-16 10:00:00,mo,255.49563821096598,139.4607438986937,['ju']
2012-03-16 14:00:00,mo,257.70481115795496,159.34330042159456,['ju']
2012-03-16 17:00:00,mo,259.8603213689416,178.74289232047414,['ju']
2012-03-16 20:00:00,mo,262.1618827955032,199.45694515952846,['ju']
2012-03-19 08:00:00,mo,294.4057333628365,129.65160026552826,['ju']
2012-03-19 11:00:00,mo,295.4132329170377,138.71909625333922,['ju']
2012-03-20 06:00:00,mo,306.538961734641,238.85065561176907,['ju']
2012-03-20 15:00:00,mo,309.87891926533234,268.91027338799097,['ju']
2012-03-20 17:00:00,mo,310.99065603850784,278.9159043465704,['ju']
2012-03-20 22:00:00,mo,314.39649142168173,309.56842279513546,['ju']
2012-03-21 03:00:00,mo,317.6811533824921,339.13038044242865,['ju']
2012-03-21 08:00:00,mo,319.8936607276084,359.0429465484754,['ju']
2012-03-21 22:00:00,mo,326.62869363068455,59.65824267616084,['ju']
2012-03-22 03:00:00,mo,329.98144795981193,89.83303163830725,['ju']
2012-03-22 05:00:00,mo,331.0744324925386,99.66989243284745,['ju']
2012-03-22 14:00:00,mo,334.3383273300218,129.04494597019604,['ju']
2012-03-23 03:00:00,mo,342.09641916121103,198.86777245089914,['ju']
2012-03-23 05:00:00,mo,343.25511384871794,209.29602463846132,['ju']
2012-03-23 14:00:00,mo,346.59885992259296,239.38973930333654,['ju']
2012-03-23 17:00:00,mo,347.7770695216014,249.99362569441237,['ju']
2012-03-23 19:00:00,mo,348.79162080071444,259.12458720642985,['ju']
2012-03-26 00:00:00,mo,15.501344542111791,139.5121008790061,['ju']
2012-03-26 05:00:00,mo,18.877840555318155,169.9005649978634,['ju']
2012-03-26 09:00:00,mo,21.029206143583625,189.26285529225262,['ju']
2012-03-26 12:00:00,mo,22.139839489414975,199.25855540473475,['ju']
2012-03-26 16:00:00,mo,23.315809181921658,209.84228263729491,['ju']
2012-03-26 19:00:00,mo,24.405992838369553,219.65393554532596,['ju']
2012-03-26 23:00:00,mo,26.527259132742905,238.74533219468614,['ju']
2012-03-27 04:00:00,mo,29.909349999648985,269.18414999684086,['ju']
2012-03-27 10:00:00,mo,33.31716390347121,299.8544751312409,['ju']
2012-03-27 13:00:00,mo,34.3875686186322,309.4881175676898,['ju']
2012-03-27 17:00:00,mo,35.552676733344676,319.97409060010204,['ju']
2012-03-27 22:00:00,mo,37.670342171554,339.033079543986,['ju']
2012-03-28 00:00:00,mo,38.86400554299926,349.7760498869933,['ju']
2012-03-29 07:00:00,mo,55.44964217229042,139.04677955061373,['ju']
2012-03-29 09:00:00,mo,56.66191985735895,149.95727871623055,['ju']
2012-03-29 11:00:00,mo,57.672223090102555,159.05000781092298,['ju']
2012-03-29 14:00:00,mo,58.81155601757006,169.30400415813054,['ju']
2012-03-29 18:00:00,mo,59.99814053411345,179.98326480702104,['ju']
2012-03-29 21:00:00,mo,61.09883598158416,189.8895238342574,['ju']
2012-03-29 23:00:00,mo,62.07983309779758,198.7184978801782,['ju']
2012-03-30 01:00:00,mo,63.27227871813288,209.45050846319592,['ju']
2012-03-30 09:00:00,mo,68.77499215354818,258.97492938193363,['ju']
2012-03-30 11:00:00,mo,69.88103483816535,268.9293135434881,['ju']
2012-03-30 17:00:00,mo,72.09233012654778,288.83097113892995,['ju']
2012-04-02 07:00:00,mo,105.4413899021251,228.97250911912582,['ju']
2012-04-02 10:00:00,mo,107.69614484988277,249.2653036489449,['ju']
2012-04-02 16:00:00,mo,111.10729360985263,279.96564248867367,['ju']
2012-04-03 17:00:00,mo,125.55299997641039,49.976999787693465,['ju']
2012-04-04 01:00:00,mo,128.87113361799186,79.84020256192667,['ju']
2012-04-04 06:00:00,mo,132.13798177155687,109.24183594401174,['ju']
2012-04-04 19:00:00,mo,140.9545078402965,188.59057056266832,['ju']
2012-04-04 22:00:00,mo,142.1570493412302,199.41344407107167,['ju']
2012-04-05 06:00:00,mo,146.56376056083602,239.0738450475241,['ju']
2012-04-05 13:00:00,mo,152.18139800291792,289.63258202626116,['ju']
2012-04-05 18:00:00,mo,155.41188768357793,318.7069891522013,['ju']
2012-04-06 07:00:00,mo,162.0866867712734,18.780180941460593,['ju']
2012-04-06 17:00:00,mo,169.922755205746,89.30479685171393,['ju']
2012-04-06 19:00:00,mo,171.0843123738912,99.7588113650208,['ju']
2012-04-09 01:00:00,mo,204.32780183405524,38.95021650649704,['ju']
2012-04-09 04:00:00,mo,205.54822420271842,49.934017824465656,['ju']
2012-04-09 06:00:00,mo,206.5225209538929,58.70268858503596,['ju']
2012-04-09 08:00:00,mo,207.7074192665304,69.36677339877346,['ju']
2012-04-09 11:00:00,mo,209.88528657941637,88.96757921474727,['ju']
2012-04-09 15:00:00,mo,213.20244381845865,118.82199436612774,['ju']
2012-04-10 11:00:00,mo,224.40682313997237,219.66140825975128,['ju']
2012-04-11 02:00:00,mo,234.36133695296294,309.2520325766664,['ju']
2012-04-11 05:00:00,mo,235.46231402320456,319.1608262088409,['ju']
2012-04-11 17:00:00,mo,243.29260710151377,29.633463913623803,['ju']
2012-04-11 20:00:00,mo,245.5250251950765,49.725226755688354,['ju']
2012-04-12 18:00:00,mo,257.7264564351689,159.53810791652023,['ju']
2012-04-12 21:00:00,mo,259.87732983371944,178.89596850347488,['ju']
2012-04-12 23:00:00,mo,261.0667855505,189.60106995450002,['ju']
2012-04-13 10:00:00,mo,265.50655691271726,229.5590122144552,['ju']
2012-04-13 12:00:00,mo,266.64108589043343,239.76977301390076,['ju']
2012-04-13 18:00:00,mo,270.9996720701725,278.99704863155233,['ju']
2012-04-16 03:00:00,mo,302.17124432789296,199.54119895103656,['ju']
2012-04-16 06:00:00,mo,303.27127436795246,209.441469311572,['ju']
2012-04-16 12:00:00,mo,305.4181524808338,228.76337232750393,['ju']
2012-04-16 16:00:00,mo,307.6414913093214,248.77342178389245,['ju']
2012-04-17 05:00:00,mo,315.5281100490402,319.75299044136176,['ju']
2012-04-17 08:00:00,mo,316.5246071818348,328.7214646365133,['ju']
2012-04-17 14:00:00,mo,318.8302757108586,349.47248139772717,['ju']
2012-04-17 16:00:00,mo,319.9409882292849,359.4688940635642,['ju']
2012-04-17 21:00:00,mo,323.3081580897894,29.773422808104485,['ju']
2012-04-18 11:00:00,mo,329.9008185746438,89.10736717179388,['ju']
2012-04-18 14:00:00,mo,331.08141243509294,99.73271191583636,['ju']
2012-04-18 16:00:00,mo,332.0958170535275,108.8623534817476,['ju']
2012-04-18 18:00:00,mo,333.2937962025102,119.64416582259149,['ju']
2012-04-19 11:00:00,mo,342.1439205846441,199.2952852617967,['ju']
2012-04-19 14:00:00,mo,343.2168518806546,208.95166692589115,['ju']
2012-04-19 20:00:00,mo,346.52579170855955,238.73212537703583,['ju']
2012-04-20 01:00:00,mo,349.91721052272186,269.2548947044966,['ju']
2012-04-20 05:00:00,mo,352.15674347469366,289.4106912722428,['ju']
2012-04-20 17:00:00,mo,356.58834932234475,329.2951439011026,['ju']
2012-04-20 19:00:00,mo,357.71119733603007,339.4007760242705,['ju']
2012-04-23 00:00:00,mo,24.41735745618081,219.7562171056273,['ju']
2012-04-23 05:00:00,mo,27.69518833985547,249.25669505869922,['ju']
2012-04-23 07:00:00,mo,28.744243284563236,258.6981895610691,['ju']
2012-04-23 10:00:00,mo,29.942264027588585,269.48037624829726,['ju']
2012-04-23 17:00:00,mo,32.138842966318556,289.24958669686697,['ju']
2012-04-23 23:00:00,mo,35.40309742699044,318.62787684291396,['ju']
2012-04-24 04:00:00,mo,38.82390073101205,349.41510657910845,['ju']
2012-04-24 08:00:00,mo,41.06162528157837,9.554627534205336,['ju']
2012-04-24 11:00:00,mo,42.218341595072886,19.965074355655958,['ju']
2012-04-24 18:00:00,mo,44.43029125803151,39.872621322283564,['ju']
2012-04-25 03:00:00,mo,49.895774735425874,89.06197261883285,['ju']
2012-04-25 15:00:00,mo,55.43174939967865,138.88574459710784,['ju']
2012-04-26 02:00:00,mo,61.012539173921496,189.11285256529345,['ju']
2012-04-26 07:00:00,mo,64.38837458938205,219.49537130443846,['ju']
2012-04-26 09:00:00,mo,65.47103647352452,229.23932826172066,['ju']
2012-04-26 15:00:00,mo,67.62214184252647,248.59927658273824,['ju']
2012-04-26 21:00:00,mo,69.8538469283328,268.68462235499516,['ju']
2012-04-26 23:00:00,mo,70.98091880615839,278.8282692554254,['ju']
2012-04-27 04:00:00,mo,74.43456920380736,309.91112283426617,['ju']
2012-04-27 09:00:00,mo,77.66152481349356,338.953723321442,['ju']
2012-04-29 23:00:00,mo,108.82270671520658,259.4043604368592,['ju']
2012-04-30 04:00:00,mo,112.11599652896021,289.04396876064186,['ju']
2012-04-30 07:00:00,mo,114.39492190729709,309.55429716567374,['ju']
2012-04-30 10:00:00,mo,116.51688294946278,328.651946545165,['ju']
2012-04-30 12:00:00,mo,117.71602260429295,339.44420343863646,['ju']
2012-04-30 17:00:00,mo,119.88641374104198,358.9777236693777,['ju']
2012-04-30 20:00:00,mo,120.95716444990194,8.614480049117399,['ju']
2012-05-01 04:00:00,mo,125.46085822788925,49.14772405100317,['ju']
2012-05-01 07:00:00,mo,127.77750193015245,69.99751737137203,['ju']
2012-05-02 09:00:00,mo,143.19411679314305,208.74705113828742,['ju']
2012-05-02 12:00:00,mo,145.42128350833232,228.79155157499085,['ju']
2012-05-02 16:00:00,mo,147.75338092390763,249.7804283151686,['ju']
2012-05-03 08:00:00,mo,156.66406340419098,329.9765706377188,['ju']
2012-05-03 12:00:00,mo,159.8617527793615,358.7557750142534,['ju']
2012-05-03 20:00:00,mo,164.33110727419572,38.97996546776138,['ju']
2012-05-04 09:00:00,mo,172.1238401741158,109.11456156704212,['ju']
2012-05-07 03:00:00,mo,213.25495285736423,119.29457571627799,['ju']
2012-05-07 07:00:00,mo,215.51895725321742,139.67061527895672,['ju']
2012-05-07 20:00:00,mo,225.42210136629652,228.79891229666856,['ju']
2012-05-08 04:00:00,mo,228.84425760887697,259.59831847989267,['ju']
2012-05-08 06:00:00,mo,229.8524425231851,268.6719827086657,['ju']
2012-05-08 08:00:00,mo,231.08412513538968,279.75712621850704,['ju']
2012-05-08 11:00:00,mo,233.32670624936824,299.9403562443141,['ju']
2012-05-08 15:00:00,mo,236.66061118450742,329.94550066056667,['ju']
2012-05-09 00:00:00,mo,242.15475829381353,19.392824644321667,['ju']
2012-05-09 03:00:00,mo,243.28073614905279,29.526625341474972,['ju']
2012-05-09 11:00:00,mo,247.74130868595424,69.67177817358804,['ju']
2012-05-09 15:00:00,mo,250.96925504617985,98.72329541561858,['ju']
2012-05-09 18:00:00,mo,253.30646056891052,119.75814512019461,['ju']
2012-05-10 00:00:00,mo,256.65982875402506,149.9384587862254,['ju']
2012-05-10 03:00:00,mo,257.7699104707958,159.92919423716228,['ju']
2012-05-10 08:00:00,mo,259.9122144351222,179.2099299160999,['ju']
2012-05-10 10:00:00,mo,261.11097861175443,189.99880750578978,['ju']
2012-05-10 13:00:00,mo,263.27820433383886,209.5038390045496,['ju']
2012-05-11 01:00:00,mo,271.1032351133518,279.92911602016596,['ju']
2012-05-11 04:00:00,mo,272.1681392680937,289.513253412843,['ju']
2012-05-11 07:00:00,mo,273.3076908998485,299.7692180986366,['ju']
2012-05-11 11:00:00,mo,275.45124191749153,319.06117725742365,['ju']
2012-05-11 17:00:00,mo,279.87686974753456,358.8918277278109,['ju']
2012-05-14 02:00:00,mo,311.0483432006055,279.43508880544914,['ju']
2012-05-14 05:00:00,mo,312.1272467310144,289.14522057912944,['ju']
2012-05-14 11:00:00,mo,314.30004561015295,308.70041049137643,['ju']
2012-05-14 15:00:00,mo,316.5495875208785,328.9462876879064,['ju']
2012-05-15 04:00:00,mo,324.3175251061926,38.85772595573319,['ju']
2012-05-15 13:00:00,mo,327.6203378314518,68.58304048306626,['ju']
2012-05-15 15:00:00,mo,328.74022886255824,78.66205976302403,['ju']
2012-05-15 20:00:00,mo,332.09759491009703,108.87835419087314,['ju']
2012-05-16 04:00:00,mo,336.59031804655393,149.31286241898525,['ju']
2012-05-16 19:00:00,mo,343.2960576169094,209.66451855218466,['ju']
2012-05-17 00:00:00,mo,346.6294123798324,239.66471141849135,['ju']
2012-05-17 02:00:00,mo,347.74775399216264,249.72978592946365,['ju']
2012-05-17 11:00:00,mo,350.9775640219792,278.79807619781286,['ju']
2012-05-17 14:00:00,mo,352.1738629023655,289.5647661212894,['ju']
2012-05-17 16:00:00,mo,353.2053575804786,298.84821822430746,['ju']
2012-05-17 18:00:00,mo,354.4154993562533,309.73949420627946,['ju']
2012-05-18 05:00:00,mo,1.043558414593502,9.392025731341517,['ju']
2012-05-18 08:00:00,mo,2.0779647945785187,18.70168315120667,['ju']
2012-05-18 12:00:00,mo,3.299106634637186,29.691959711734675,['ju']
2012-05-20 22:00:00,mo,32.145533994705815,289.30980595235235,['ju']
2012-05-21 03:00:00,mo,35.511375706498086,319.6023813584828,['ju']
2012-05-21 05:00:00,mo,36.63404674279879,329.7064206851891,['ju']
2012-05-21 11:00:00,mo,38.87677726414521,349.89099537730687,['ju']
2012-05-21 21:00:00,mo,43.205276762433094,28.847490861897832,['ju']
2012-05-22 02:00:00,mo,46.65528203646774,59.897538328209635,['ju']
2012-05-22 08:00:00,mo,49.92668068479803,89.34012616318225,['ju']
2012-05-22 15:00:00,mo,52.1275420129958,109.14787811696215,['ju']
2012-05-22 20:00:00,mo,54.43185593410099,129.88670340690885,['ju']
2012-05-23 06:00:00,mo,61.02075188133256,189.186766931993,['ju']
2012-05-23 18:00:00,mo,65.4219405851641,228.79746526647682,['ju']
2012-05-23 22:00:00,mo,67.65977753722593,248.9379978350334,['ju']
2012-05-24 15:00:00,mo,76.59780036293184,329.3802032663865,['ju']
2012-05-24 18:00:00,mo,77.67675381729224,339.0907843556301,['ju']
2012-05-25 03:00:00,mo,83.30744576302638,29.767011867237382,['ju']
2012-05-25 14:00:00,mo,88.82462266628949,79.42160399660534,['ju']
2012-05-25 20:00:00,mo,91.06049701795006,99.54447316155046,['ju']
2012-05-28 09:00:00,mo,125.47095140266367,49.238562623973,['ju']
2012-05-28 11:00:00,mo,126.63892927084237,59.750363437581264,['ju']
2012-05-28 16:00:00,mo,128.75761346378368,78.8185211740531,['ju']
2012-05-29 03:00:00,mo,134.3714088337033,129.34267950332963,['ju']
2012-05-29 09:00:00,mo,138.88088661440906,169.92797952968152,['ju']
2012-05-29 15:00:00,mo,142.16405807580318,199.4765226822286,['ju']
2012-05-29 18:00:00,mo,143.29850076589295,209.68650689303652,['ju']
2012-05-29 23:00:00,mo,145.4486866297939,229.03817966814515,['ju']
2012-05-30 01:00:00,mo,146.6248193560711,239.62337420463984,['ju']
2012-05-30 04:00:00,mo,148.74391223116282,258.69521008046536,['ju']
2012-05-30 07:00:00,mo,151.09171930782068,279.82547377038605,['ju']
2012-05-31 06:00:00,mo,164.30568239607499,38.7511415646748,['ju']
2012-05-31 18:00:00,mo,172.1359948520737,109.2239536686633,['ju']
2012-05-31 21:00:00,mo,173.31989669291707,119.87907023625355,['ju']
2012-06-01 15:00:00,mo,185.5054983887384,229.54948549864554,['ju']
2012-06-01 17:00:00,mo,186.57847619212814,239.20628572915314,['ju']
2012-06-04 00:00:00,mo,219.9097801213373,179.18802109203554,['ju']
2012-06-04 09:00:00,mo,225.42805958711398,228.85253628402572,['ju']
2012-06-04 13:00:00,mo,228.81381285836724,259.3243157253051,['ju']
2012-06-04 22:00:00,mo,234.32700217112196,308.94301954009757,['ju']
2012-06-05 01:00:00,mo,235.49414480339178,319.4473032305259,['ju']
2012-06-05 10:00:00,mo,240.9964831058671,8.9683479528038,['ju']
2012-06-05 14:00:00,mo,244.34692559105224,39.122330319470066,['ju']
2012-06-05 17:00:00,mo,246.6132642781177,59.51937850305917,['ju']
2012-06-05 21:00:00,mo,248.8765351325699,79.88881619312899,['ju']
2012-06-06 05:00:00,mo,252.20217528011253,109.81957752101265,['ju']
2012-06-06 10:00:00,mo,255.50093278803033,139.50839509227285,['ju']
2012-06-06 14:00:00,mo,258.76991051328764,168.92919461958866,['ju']
2012-06-06 17:00:00,mo,261.08704907699826,189.78344169298418,['ju']
2012-06-06 23:00:00,mo,264.3632435109622,219.26919159865975,['ju']
2012-06-07 02:00:00,mo,265.48043328045503,229.32389952409517,['ju']
2012-06-07 07:00:00,mo,267.73038970742454,249.5735073668207,['ju']
2012-06-07 16:00:00,mo,274.3931744988111,309.53857048929984,['ju']
2012-06-07 21:00:00,mo,277.6492140543012,338.84292648871053,['ju']
2012-06-08 17:00:00,mo,288.7386215751645,78.64759417648014,['ju']
2012-06-11 00:00:00,mo,318.8887649927321,349.9988849345887,['ju']
2012-06-11 06:00:00,mo,321.0276016899098,9.248415209187826,['ju']
2012-06-11 09:00:00,mo,322.15135858103406,19.362227229306413,['ju']
2012-06-11 18:00:00,mo,327.69299946575967,69.2369951918369,['ju']
2012-06-12 05:00:00,mo,333.26155390285277,119.35398512567478,['ju']
2012-06-12 11:00:00,mo,335.44696799152746,139.02271192374698,['ju']
2012-06-12 15:00:00,mo,337.7193689456256,159.4743205106303,['ju']
2012-06-13 05:00:00,mo,345.5520967772536,229.96887099528234,['ju']
2012-06-13 22:00:00,mo,354.32538262355973,308.9284436120374,['ju']
2012-06-14 00:00:00,mo,355.5077793085041,319.5700137765367,['ju']
2012-06-14 05:00:00,mo,357.6465873716234,338.81928634461053,['ju']
2012-06-14 09:00:00,mo,358.86120190375266,349.7508171337738,['ju']
2012-06-14 12:00:00,mo,359.95996177320956,359.6396559588859,['ju']
2012-06-14 21:00:00,mo,5.4115547261397206,48.703992535257484,['ju']
2012-06-15 03:00:00,mo,8.842364808404138,79.58128327563725,['ju']
2012-06-15 06:00:00,mo,9.945816907787615,89.51235217008853,['ju']
2012-06-15 15:00:00,mo,13.223756699320662,119.01381029388595,['ju']
2012-06-15 17:00:00,mo,14.390311969568616,129.51280772611753,['ju']
2012-06-18 01:00:00,mo,43.213430648212686,28.92087583391416,['ju']
2012-06-18 03:00:00,mo,44.408882975373594,39.67994677836232,['ju']
2012-06-18 05:00:00,mo,45.40402157821477,48.63619420393289,['ju']
2012-06-18 08:00:00,mo,46.527095640127804,58.743860761150216,['ju']
2012-06-18 12:00:00,mo,47.705274535929796,69.34747082336814,['ju']
2012-06-18 15:00:00,mo,48.80256621649501,79.22309594845507,['ju']
2012-06-18 19:00:00,mo,50.95999555921608,98.63996003294473,['ju']
2012-06-19 00:00:00,mo,54.42215284823322,129.79937563409894,['ju']
2012-06-19 12:00:00,mo,59.898554468955275,179.08699022059744,['ju']
2012-06-20 08:00:00,mo,70.98629048321325,278.87661434891925,['ju']
2012-06-20 15:00:00,mo,73.25086159114112,299.25775432027,['ju']
2012-06-21 14:00:00,mo,85.44607609435292,49.014684849176234,['ju']
2012-06-21 17:00:00,mo,86.59004121440456,59.31037092964105,['ju']
2012-06-21 21:00:00,mo,88.81523541991496,79.33711877923457,['ju']
2012-06-22 05:00:00,mo,94.43224182902073,129.89017646118648,['ju']
2012-06-22 09:00:00,mo,96.50968078659243,148.5871270793318,['ju']
2012-06-25 07:00:00,mo,134.44436256246448,129.99926306218023,['ju']
2012-06-25 19:00:00,mo,139.8562666769377,178.7064000924393,['ju']
2012-06-26 01:00:00,mo,143.3100242808,209.7902185272,['ju']
2012-06-26 15:00:00,mo,152.14275277087287,289.2847749378558,['ju']
2012-06-26 18:00:00,mo,153.24463933279077,299.20175399511686,['ju']
2012-06-27 05:00:00,mo,159.881713349776,358.93542014798385,['ju']
2012-06-27 08:00:00,mo,162.18121675095827,19.630950758624373,['ju']
2012-06-27 16:00:00,mo,166.58329695679197,59.24967261112766,['ju']
2012-06-27 19:00:00,mo,167.71056319993815,69.39506879944328,['ju']
2012-06-28 03:00:00,mo,172.14888210075253,109.3399389067727,['ju']
2012-06-28 12:00:00,mo,178.87929626751935,169.9136664076741,['ju']
2012-06-28 14:00:00,mo,179.9904560302854,179.91410427256852,['ju']
2012-06-28 19:00:00,mo,182.0708929176069,198.63803625846202,['ju']
2012-06-28 22:00:00,mo,183.3010990213513,209.70989119216154,['ju']
2012-06-29 00:00:00,mo,184.31899489079333,218.87095401713992,['ju']
2012-06-29 02:00:00,mo,185.5502364946383,229.95212845174473,['ju']
2012-06-29 05:00:00,mo,187.75728100923058,249.81552908307515,['ju']
2012-06-29 09:00:00,mo,190.9849222431082,278.86430018797375,['ju']
2012-06-29 12:00:00,mo,193.19685992009707,298.77173928087353,['ju']
2012-06-29 14:00:00,mo,194.43041804368724,309.8737623931851,['ju']
2012-06-29 16:00:00,mo,195.44900752575975,319.0410677318377,['ju']
2012-07-02 01:00:00,mo,228.8136346231776,259.32271160859824,['ju']
2012-07-02 03:00:00,mo,229.8814071128673,268.9326640158055,['ju']
2012-07-02 09:00:00,mo,234.32914441586206,308.96229974275843,['ju']
2012-07-02 21:00:00,mo,242.09497900425922,18.854811038332844,['ju']
2012-07-03 00:00:00,mo,243.24150453760348,29.173540838431183,['ju']
2012-07-03 09:00:00,mo,248.82579887634435,79.43218988709906,['ju']
2012-07-03 13:00:00,mo,252.1337956601059,109.20416094095303,['ju']
2012-07-03 16:00:00,mo,254.3243168523794,128.9188516714146,['ju']
2012-07-03 18:00:00,mo,255.51386539070043,139.6247885163038,['ju']
2012-07-03 23:00:00,mo,257.65834278093865,158.92508502844777,['ju']
2012-07-04 02:00:00,mo,258.8395891586735,169.55630242806143,['ju']
2012-07-04 06:00:00,mo,261.00355094796396,189.0319585316755,['ju']
2012-07-04 09:00:00,mo,263.1839708138719,208.65573732484694,['ju']
2012-07-04 18:00:00,mo,269.9674556557644,269.7071009018796,['ju']
2012-07-04 20:00:00,mo,271.0068118289061,279.06130646015487,['ju']
2012-07-05 08:00:00,mo,276.5875908671177,329.28831780405903,['ju']
2012-07-05 11:00:00,mo,278.84816345393665,349.63347108542973,['ju']
2012-07-06 05:00:00,mo,288.79393647495175,79.14542827456563,['ju']
2012-07-06 07:00:00,mo,289.84938512071716,88.64446608645432,['ju']
2012-07-06 12:00:00,mo,293.3200993004025,119.88089370362229,['ju']
2012-07-06 18:00:00,mo,297.74617731814305,159.71559586328738,['ju']
2012-07-08 23:00:00,mo,326.6048482182315,59.44363396408333,['ju']
2012-07-09 02:00:00,mo,327.7466536583732,69.71988292535859,['ju']
2012-07-09 05:00:00,mo,328.730946114556,78.57851503100379,['ju']
2012-07-09 08:00:00,mo,329.89232370598194,89.0309133538373,['ju']
2012-07-09 12:00:00,mo,332.0674209202197,108.60678828197733,['ju']
2012-07-09 17:00:00,mo,335.5288405190727,139.75956467165392,['ju']
2012-07-10 01:00:00,mo,339.9988820915365,179.9899388238281,['ju']
2012-07-10 04:00:00,mo,341.0080723735482,189.07265136193368,['ju']
2012-07-10 10:00:00,mo,343.2469657570796,209.22269181371607,['ju']
2012-07-10 12:00:00,mo,344.3233589757733,218.9102307819597,['ju']
2012-07-10 17:00:00,mo,347.64002196587967,248.76019769291688,['ju']
2012-07-11 04:00:00,mo,353.328724747038,299.95852272334184,['ju']
2012-07-11 16:00:00,mo,358.832389795127,349.49150815614314,['ju']
2012-07-11 21:00:00,mo,2.2075886698151033,19.86829802833593,['ju']
2012-07-12 01:00:00,mo,4.33301334588674,38.99712011298066,['ju']
2012-07-12 04:00:00,mo,5.437921459792667,48.941293138134,['ju']
2012-07-12 08:00:00,mo,6.643480589391554,59.79132530452398,['ju']
2012-07-12 11:00:00,mo,7.773609493729653,69.96248544356688,['ju']
2012-07-12 13:00:00,mo,8.759733999159899,78.83760599243908,['ju']
2012-07-12 15:00:00,mo,9.9361951155246,89.42575603972139,['ju']
2012-07-12 20:00:00,mo,13.314206724867402,119.8278605238066,['ju']
2012-07-13 05:00:00,mo,17.73604432814986,159.62439895334873,['ju']
2012-07-13 14:00:00,mo,21.07794632139736,189.70151689257622,['ju']
2012-07-13 19:00:00,mo,24.303197372915243,218.72877635623718,['ju']
2012-07-15 22:00:00,mo,49.899817932958825,89.09836139662941,['ju']
2012-07-17 00:00:00,mo,63.2660072977628,209.39406567986515,['ju']
2012-07-17 10:00:00,mo,67.69911740074413,249.29205660669714,['ju']
2012-07-17 21:00:00,mo,73.31499756557712,299.834978090194,['ju']
2012-07-18 00:00:00,mo,75.4839684069304,319.3557156623736,['ju']
2012-07-18 09:00:00,mo,79.98110255895206,359.8299230305685,['ju']
2012-07-18 15:00:00,mo,82.06837726823224,18.615395414090127,['ju']
2012-07-18 19:00:00,mo,84.31539794446431,38.83858150017874,['ju']
2012-07-19 03:00:00,mo,89.964296590747,89.67866931672293,['ju']
2012-07-19 05:00:00,mo,91.10968667886982,99.98718010982836,['ju']
2012-07-19 20:00:00,mo,97.6558805717692,158.90292514592278,['ju']
2012-07-20 08:00:00,mo,105.44465782507048,229.00192042563427,['ju']
2012-07-20 11:00:00,mo,106.54519092350077,238.9067183115069,['ju']
2012-07-20 17:00:00,mo,108.84193500733411,259.577415066007,['ju']
2012-07-20 19:00:00,mo,109.94808229791926,269.53274068127325,['ju']
2012-07-23 00:00:00,mo,139.86388414554904,178.77495730994127,['ju']
2012-07-23 03:00:00,mo,142.1538513969952,199.3846625729568,['ju']
2012-07-23 06:00:00,mo,144.33637633171384,219.02738698542447,['ju']
2012-07-23 10:00:00,mo,146.65774918390426,239.91974265513826,['ju']
2012-07-24 09:00:00,mo,159.88255562418215,358.94300061763926,['ju']
2012-07-24 11:00:00,mo,160.95299246811106,8.576932212999502,['ju']
2012-07-25 01:00:00,mo,167.73603843822804,69.62434594405225,['ju']
2012-07-25 10:00:00,mo,174.3360742530244,129.0246682772196,['ju']
2012-07-25 12:00:00,mo,175.41437808501516,138.72940276513634,['ju']
2012-07-26 09:00:00,mo,187.6468960472725,248.82206442545234,['ju']
2012-07-26 21:00:00,mo,193.2544652136438,299.29018692279425,['ju']
2012-07-27 01:00:00,mo,195.50207260035666,319.51865340320984,['ju']
2012-07-27 04:00:00,mo,197.70454553274374,339.3409097946936,['ju']
2012-07-30 00:00:00,mo,237.71010423750394,339.3909381375354,['ju']
2012-07-30 02:00:00,mo,238.77894739176682,349.0105265259013,['ju']
2012-07-30 08:00:00,mo,243.1918028652939,28.72622578764508,['ju']
2012-07-30 14:00:00,mo,247.75297324358695,69.77675919228246,['ju']
2012-07-30 21:00:00,mo,250.973426331136,98.760836980224,['ju']
2012-07-31 00:00:00,mo,252.1438198767358,109.29437889062201,['ju']
2012-07-31 04:00:00,mo,254.3178270301698,128.86044327152817,['ju']
2012-07-31 16:00:00,mo,263.20667918159745,208.86011263437695,['ju']
2012-07-31 21:00:00,mo,265.4160513532422,228.74446217917978,['ju']
2012-08-01 00:00:00,mo,266.5330817943413,238.79773614907145,['ju']
2012-08-01 09:00:00,mo,272.1157020006089,289.04131800548004,['ju']
2012-08-01 19:00:00,mo,278.88220985276473,349.93988867488247,['ju']
2012-08-02 20:00:00,mo,293.29597425446724,119.66376829020504,['ju']
2012-08-02 23:00:00,mo,294.4442892154292,129.99860293886263,['ju']
2012-08-03 02:00:00,mo,295.5463744804122,139.91737032370992,['ju']
2012-08-03 08:00:00,mo,298.7938711624315,169.14484046188352,['ju']
2012-08-03 11:00:00,mo,301.0014022394718,189.01262015524622,['ju']
2012-08-03 14:00:00,mo,303.28697585986566,209.58278273879085,['ju']
2012-08-06 02:00:00,mo,335.4837343972705,139.35360957543432,['ju']
2012-08-06 18:00:00,mo,344.4066404754882,219.65976427939356,['ju']
2012-08-06 22:00:00,mo,346.61554097442877,239.53986876985877,['ju']
2012-08-07 04:00:00,mo,348.73583479739256,258.6225131765329,['ju']
2012-08-07 18:00:00,mo,356.5525828444669,328.97324560020184,['ju']
2012-08-07 22:00:00,mo,358.8719423092097,349.84748078288726,['ju']
2012-08-08 04:00:00,mo,1.0578200962911248,9.520380866620123,['ju']
2012-08-08 10:00:00,mo,3.3256976336044954,29.93127870244046,['ju']
2012-08-08 12:00:00,mo,4.432941087979503,39.89646979181553,['ju']
2012-08-08 17:00:00,mo,7.77432137720761,69.96889239486848,['ju']
2012-08-09 01:00:00,mo,12.210745819924762,109.89671237932285,['ju']
2012-08-09 04:00:00,mo,13.180222704803231,118.62200434322908,['ju']
2012-08-09 08:00:00,mo,14.432049540312912,129.8884458628162,['ju']
2012-08-09 16:00:00,mo,18.825200386682408,169.42680348014167,['ju']
2012-08-09 21:00:00,mo,22.16256641143646,199.4630977029281,['ju']
2012-08-09 23:00:00,mo,23.26535434209862,209.3881890788876,['ju']
2012-08-10 05:00:00,mo,25.4735110527859,229.26159947507307,['ju']
2012-08-10 15:00:00,mo,29.844293197091872,268.59863877382685,['ju']
2012-08-10 20:00:00,mo,33.266094100443816,299.39484690399433,['ju']
2012-08-12 23:00:00,mo,58.887720428268345,169.98948385441508,['ju']
2012-08-13 03:00:00,mo,60.96114071965878,188.65026647692898,['ju']
2012-08-13 10:00:00,mo,63.222381501639845,209.0014335147586,['ju']
2012-08-13 13:00:00,mo,64.44020148182952,219.96181333646564,['ju']
2012-08-13 15:00:00,mo,65.51476360073218,229.6328724065896,['ju']
2012-08-13 23:00:00,mo,71.02460381325581,279.22143431930226,['ju']
2012-08-14 03:00:00,mo,73.2842820598053,299.5585385382477,['ju']
2012-08-15 11:00:00,mo,88.8025830090271,79.2232470812439,['ju']
2012-08-15 16:00:00,mo,91.10563748163011,99.95073733467098,['ju']
2012-08-17 08:00:00,mo,114.29689305871908,308.67203752847166,['ju']
2012-08-17 20:00:00,mo,119.97622711423546,359.7860440281191,['ju']
2012-08-20 01:00:00,mo,150.97225990039829,278.7503391035845,['ju']
2012-08-20 04:00:00,mo,153.2685381385456,299.4168432469104,['ju']
2012-08-20 15:00:00,mo,158.75196026560232,348.7676423904208,['ju']
2012-08-20 23:00:00,mo,163.24922174468702,29.242995702183116,['ju']
2012-08-21 08:00:00,mo,169.8963062183658,89.06675596529207,['ju']
2012-08-21 10:00:00,mo,170.97756172613052,98.79805553517458,['ju']
2012-08-22 04:00:00,mo,181.06357285188685,189.57215566698153,['ju']
2012-08-22 07:00:00,mo,183.31303687944308,209.81733191498762,['ju']
2012-08-22 13:00:00,mo,186.56800197610292,239.1120177849262,['ju']
2012-08-22 16:00:00,mo,187.70309308304022,249.32783774736185,['ju']
2012-08-22 21:00:00,mo,189.9524053836503,269.5716484528526,['ju']
2012-08-23 06:00:00,mo,196.570212021681,329.1319081951288,['ju']
2012-08-23 11:00:00,mo,199.8875018534513,358.9875166810617,['ju']
2012-08-24 01:00:00,mo,206.57978609262696,59.21807483364256,['ju']
2012-08-24 14:00:00,mo,215.5268550550546,139.74169549549129,['ju']
2012-08-27 12:00:00,mo,256.6210824253633,149.58974182826944,['ju']
2012-08-27 16:00:00,mo,258.7966671375921,169.170004238329,['ju']
2012-08-27 19:00:00,mo,259.9504332589011,179.5538993301099,['ju']
2012-08-27 22:00:00,mo,261.0381183796261,189.34306541663477,['ju']
2012-08-28 04:00:00,mo,264.2992203069207,218.69298276228608,['ju']
2012-08-28 07:00:00,mo,266.5659769051597,239.09379214643707,['ju']
2012-08-28 13:00:00,mo,271.0650032619001,279.58502935710055,['ju']
2012-08-28 17:00:00,mo,273.1865520729177,298.67896865625937,['ju']
2012-08-28 20:00:00,mo,274.3231338197137,308.9082043774231,['ju']
2012-08-28 23:00:00,mo,275.4165679481172,318.7491115330545,['ju']
2012-08-29 11:00:00,mo,283.27780210193396,29.500218917405505,['ju']
2012-08-30 03:00:00,mo,291.05304997052554,99.4774497347297,['ju']
2012-08-30 08:00:00,mo,294.38072693004233,129.42654237038084,['ju']
2012-08-30 14:00:00,mo,298.82119795522703,169.3907815970432,['ju']
2012-08-30 18:00:00,mo,301.03720566118767,189.33485095068892,['ju']
2012-08-30 21:00:00,mo,302.220405527907,199.98364975116306,['ju']
2012-08-31 00:00:00,mo,303.2748864033213,209.47397762989175,['ju']
2012-08-31 11:00:00,mo,309.8519252470318,268.66732722328584,['ju']
2012-08-31 16:00:00,mo,313.3013052732588,299.7117474593289,['ju']
2012-08-31 18:00:00,mo,314.37779146284987,309.4001231656487,['ju']
2012-09-03 02:00:00,mo,343.2908760110419,209.6178840993771,['ju']
2012-09-03 05:00:00,mo,344.4021525506434,219.6193729557904,['ju']
2012-09-03 14:00:00,mo,349.90670257342447,269.1603231608201,['ju']
2012-09-04 01:00:00,mo,355.514680536678,319.6321248301017,['ju']
2012-09-04 07:00:00,mo,357.67429209506486,339.0686288555836,['ju']
2012-09-04 11:00:00,mo,359.93501499268683,359.4151349341813,['ju']
2012-09-05 13:00:00,mo,13.181033139744573,118.62929825770115,['ju']
2012-09-05 18:00:00,mo,16.59167320831686,149.32505887485172,['ju']
2012-09-05 22:00:00,mo,18.782068299669646,169.03861469702682,['ju']
2012-09-06 01:00:00,mo,19.91750523133917,179.25754708205253,['ju']
2012-09-06 05:00:00,mo,21.107006606785813,189.9630594610723,['ju']
2012-09-06 08:00:00,mo,22.19274220344763,199.73467983102864,['ju']
2012-09-06 12:00:00,mo,24.30238815847374,218.72149342626363,['ju']
2012-09-06 17:00:00,mo,27.68693727986236,249.18243551876122,['ju']
2012-09-07 02:00:00,mo,32.21662506791796,289.94962561126164,['ju']
2012-09-07 11:00:00,mo,35.47065306110494,319.23587754994446,['ju']
2012-09-07 13:00:00,mo,36.65140217662376,329.8626195896138,['ju']
2012-09-10 07:00:00,mo,69.91936983481745,269.274328513357,['ju']
2012-09-11 03:00:00,mo,81.10303232230059,9.927290900705298,['ju']
2012-09-11 06:00:00,mo,82.12352288118814,19.1117059306932,['ju']
2012-09-11 16:00:00,mo,86.61615000411837,59.545350037065276,['ju']
2012-09-11 19:00:00,mo,88.77455795421483,78.97102158793342,['ju']
2012-09-12 11:00:00,mo,96.65336039231236,149.88024353081124,['ju']
2012-09-12 23:00:00,mo,104.43172800469,219.88555204220998,['ju']
2012-09-13 05:00:00,mo,107.7522903965595,249.77061356903548,['ju']
2012-09-13 08:00:00,mo,108.83878691061942,259.5490821955747,['ju']
2012-09-13 11:00:00,mo,109.89839458728694,269.0855512855825,['ju']
2012-09-14 07:00:00,mo,122.10889423375835,18.98004810382509,['ju']
2012-09-14 10:00:00,mo,123.19697856283531,28.77280706551776,['ju']
2012-09-14 13:00:00,mo,124.39320424630212,39.53883821671902,['ju']
2012-09-14 15:00:00,mo,125.40067208728503,48.60604878556523,['ju']
2012-09-14 17:00:00,mo,126.61921234274233,59.57291108468092,['ju']
2012-09-14 20:00:00,mo,128.78208342496566,79.03875082469091,['ju']
2012-09-17 03:00:00,mo,162.1704474413922,19.53402697252985,['ju']
2012-09-17 11:00:00,mo,166.58757557479984,59.28818017319852,['ju']
2012-09-17 14:00:00,mo,167.76504372458103,69.88539352122923,['ju']
2012-09-17 20:00:00,mo,170.99944379008298,98.99499411074673,['ju']
2012-09-17 23:00:00,mo,173.2512132979534,119.26091968158052,['ju']
2012-09-18 08:00:00,mo,179.8436110910795,178.5924998197155,['ju']
2012-09-18 16:00:00,mo,183.2684599016886,209.41613911519732,['ju']
2012-09-18 20:00:00,mo,185.41211697510542,228.7090527759487,['ju']
